station_end,station_start,timestamp_duration,timestamp_end,timestamp_start,lat_lng_start,lat_lng_end,driving_distance,driving_predicted_duration,bicycling_distance,bicycling_predicted_duration,subway_distance,subway_predicted_duration,duration
Central Park West & W 100 St,E 11 St & 1 Ave,41 min 33 s,2017-12-23 22:45:10,2017-12-23 22:03:37,"40.72953837,-73.98426726","40.793393,-73.9635556",10266,1509,8881,2033,10266,1509,2493.0
E 11 St & 1 Ave,W 70 St & Amsterdam Ave,28 min 23 s,2017-12-23 15:43:46,2017-12-23 15:15:23,"40.77748046,-73.98288594","40.72953837,-73.98426726",7424,1820,7399,1743,7424,1820,1703.0
W 100 St & Manhattan Ave,W 53 St & 10 Ave,18 min 32 s,2017-12-23 02:20:56,2017-12-23 02:02:24,"40.76669671,-73.99061728","40.795,-73.9645",5201,701,4224,1055,5201,701,1112.0
W 52 St & 9 Ave,Columbus Ave & W 95 St,12 min 55 s,2017-12-22 22:36:18,2017-12-22 22:23:23,"40.7919557,-73.968087","40.76461837,-73.98789473",3479,696,3479,726,3479,696,775.0
6 Ave & W 33 St,W 11 St & 6 Ave,17 min 47 s,2017-12-21 18:13:55,2017-12-21 17:56:08,"40.73532427,-73.99800419","40.74901271,-73.98848395",1749,474,1749,381,1749,474,1067.0
St Marks Pl & 2 Ave,University Pl & E 14 St,9 min 23 s,2017-12-21 16:21:17,2017-12-21 16:11:54,"40.73492695,-73.99200509","40.7284186,-73.98713956",1219,408,1219,328,1219,408,563.0
Sullivan St & Washington Sq,Amsterdam Ave & W 119 St,36 min 10 s,2017-12-21 14:52:16,2017-12-21 14:16:06,"40.8086249,-73.9596214","40.73047747,-73.99906065",13471,1962,10332,2171,13471,1962,2170.0
Columbus Ave & W 95 St,Amsterdam Ave & W 119 St,7 min 12 s,2017-12-20 14:13:35,2017-12-20 14:06:23,"40.8086249,-73.9596214","40.7919557,-73.968087",2145,446,2145,491,2145,446,432.0
Central Park West & W 100 St,W 116 St & Amsterdam Ave,29 min 23 s,2017-12-18 18:30:25,2017-12-18 18:01:02,"40.8067581,-73.9607082","40.793393,-73.9635556",1818,416,1970,414,1818,416,1763.0
Cathedral Pkwy & Broadway,Columbus Ave & W 95 St,9 min 26 s,2017-12-17 12:10:46,2017-12-17 12:01:20,"40.7919557,-73.968087","40.804213,-73.96699104",2086,445,2086,444,2086,445,566.0
Central Park West & W 100 St,E 60 St & York Ave,23 min 57 s,2017-12-17 08:22:04,2017-12-17 07:58:07,"40.759107,-73.959223","40.793393,-73.9635556",5465,839,5664,1462,5465,839,1437.0
Central Park West & W 100 St,W 116 St & Amsterdam Ave,25 min 13 s,2017-12-14 19:39:25,2017-12-14 19:14:12,"40.8067581,-73.9607082","40.793393,-73.9635556",1818,416,1970,414,1818,416,1513.0
Columbus Ave & W 95 St,5 Ave & E 63 St,17 min 11 s,2017-12-13 14:35:46,2017-12-13 14:18:35,"40.766368,-73.971518","40.7919557,-73.968087",4138,802,4266,991,4138,802,1031.0
5 Ave & E 63 St,W 116 St & Amsterdam Ave,21 min 59 s,2017-12-13 13:51:18,2017-12-13 13:29:19,"40.8067581,-73.9607082","40.766368,-73.971518",5593,1124,6133,1565,5593,1124,1319.0
E 58 St & 3 Ave,Amsterdam Ave & W 119 St,22 min 9 s,2017-11-29 17:03:21,2017-11-29 16:41:12,"40.8086249,-73.9596214","40.76095756,-73.96724467",6805,1489,6854,1587,6805,1489,1329.0
Amsterdam Ave & W 119 St,Columbus Ave & W 95 St,6 min 52 s,2017-11-27 17:11:30,2017-11-27 17:04:38,"40.7919557,-73.968087","40.8086249,-73.9596214",2509,503,2509,513,2509,503,412.0
Columbus Ave & W 95 St,Amsterdam Ave & W 119 St,6 min 6 s,2017-11-27 16:08:22,2017-11-27 16:02:16,"40.8086249,-73.9596214","40.7919557,-73.968087",2145,446,2145,491,2145,446,366.0
Columbus Ave & W 95 St,6 Ave & Spring St,32 min 55 s,2017-11-20 21:50:18,2017-11-20 21:17:23,"40.7252556953,-74.0041208267","40.7919557,-73.968087",10146,1507,8845,1951,10146,1507,1975.0
W 20 St & 11 Ave,5 Ave & E 63 St,20 min 41 s,2017-11-20 16:36:53,2017-11-20 16:16:12,"40.766368,-73.971518","40.746745,-74.007756",5157,1420,5154,1143,5157,1420,1241.0
5 Ave & E 63 St,W 116 St & Amsterdam Ave,21 min 19 s,2017-11-20 15:50:53,2017-11-20 15:29:34,"40.8067581,-73.9607082","40.766368,-73.971518",5593,1124,6133,1565,5593,1124,1279.0
Central Park West & W 100 St,E 11 St & Broadway,41 min 20 s,2017-11-19 18:48:27,2017-11-19 18:07:07,"40.73261787,-73.99158043","40.793393,-73.9635556",10510,1775,8287,1799,10510,1775,2480.0
Berkeley Pl & 7 Ave,6 Ave & 9 St,4 min 3 s,2017-11-19 14:27:05,2017-11-19 14:23:02,"40.668127,-73.98377641","40.6751468387,-73.9752320945",1248,292,1248,249,1248,292,243.0
W 21 St & 6 Ave,Central Park West & W 100 St,24 min 16 s,2017-11-19 13:42:41,2017-11-19 13:18:25,"40.793393,-73.9635556","40.74173969,-73.99415556",9896,1588,7592,1682,9896,1588,1456.0
Central Park West & W 100 St,Amsterdam Ave & W 119 St,6 min 53 s,2017-11-18 01:30:10,2017-11-18 01:23:17,"40.8086249,-73.9596214","40.793393,-73.9635556",2082,469,2234,490,2082,469,413.0
W 116 St & Amsterdam Ave,W 116 St & Amsterdam Ave,0 min 17 s,2017-11-16 16:51:47,2017-11-16 16:51:30,"40.8067581,-73.9607082","40.8067581,-73.9607082",0,0,0,0,0,0,17.0
Columbus Ave & W 103 St,W 116 St & Amsterdam Ave,3 min 15 s,2017-11-15 18:01:03,2017-11-15 17:57:48,"40.8067581,-73.9607082","40.7969347,-73.9643412291",1243,278,1243,265,1243,278,195.0
W 100 St & Manhattan Ave,Lafayette St & Jersey St,36 min 38 s,2017-11-12 18:40:47,2017-11-12 18:04:09,"40.7243052725,-73.9960098267","40.795,-73.9645",10982,1745,9689,2156,10982,1745,2198.0
W Broadway & Spring Street,W 100 St & Manhattan Ave,33 min 30 s,2017-11-12 15:06:07,2017-11-12 14:32:37,"40.795,-73.9645","40.7249467236,-74.0016585588",13199,1851,9295,1971,13199,1851,2010.0
W 100 St & Manhattan Ave,Grand St & Elizabeth St,48 min 0 s,2017-11-11 22:59:00,2017-11-11 22:11:00,"40.718822,-73.99596","40.795,-73.9645",11672,1944,10443,2333,11672,1944,2880.0
Central Park West & W 100 St,Broadway & W 32 St,27 min 56 s,2017-11-08 22:15:27,2017-11-08 21:47:31,"40.74854862,-73.98808416","40.793393,-73.9635556",7241,1512,5981,1349,7241,1512,1676.0
W 100 St & Manhattan Ave,W 116 St & Amsterdam Ave,5 min 22 s,2017-11-03 17:22:57,2017-11-03 17:17:35,"40.8067581,-73.9607082","40.795,-73.9645",1545,343,1545,329,1545,343,322.0
E 51 St & Lexington Ave,Amsterdam Ave & W 119 St,57 min 25 s,2017-11-03 12:50:35,2017-11-03 11:53:10,"40.8086249,-73.9596214","40.75714758,-73.97207836",7325,1574,7251,1641,7325,1574,3445.0
Columbus Ave & W 95 St,5 Ave & E 63 St,18 min 9 s,2017-11-01 14:29:28,2017-11-01 14:11:19,"40.766368,-73.971518","40.7919557,-73.968087",4138,802,4266,991,4138,802,1089.0
Grand Army Plaza & Central Park S,W 116 St & Amsterdam Ave,24 min 34 s,2017-11-01 13:13:07,2017-11-01 12:48:33,"40.8067581,-73.9607082","40.7643971,-73.97371465",5727,1258,5844,1313,5727,1258,1474.0
Central Park West & W 100 St,W 116 St & Amsterdam Ave,4 min 45 s,2017-10-31 17:18:46,2017-10-31 17:14:01,"40.8067581,-73.9607082","40.793393,-73.9635556",1818,416,1970,414,1818,416,285.0
Bond St & Bergen St,Schermerhorn St & Bond St,30 min 26 s,2017-10-28 18:29:52,2017-10-28 17:59:26,"40.6884174275,-73.984516561","40.6849668,-73.98620772",895,281,895,195,895,281,1826.0
Central Park West & W 100 St,W 31 St & 7 Ave,29 min 26 s,2017-10-27 20:42:25,2017-10-27 20:12:59,"40.749156,-73.9916","40.793393,-73.9635556",7964,1386,5807,1297,7964,1386,1766.0
W 31 St & 7 Ave,Amsterdam Ave & W 119 St,29 min 42 s,2017-10-27 18:13:18,2017-10-27 17:43:36,"40.8086249,-73.9596214","40.749156,-73.9916",11469,1754,7866,1706,11469,1754,1782.0
Amsterdam Ave & W 119 St,Central Park West & W 100 St,6 min 23 s,2017-10-27 15:59:31,2017-10-27 15:53:08,"40.793393,-73.9635556","40.8086249,-73.9596214",2188,453,2118,513,2188,453,383.0
W 100 St & Manhattan Ave,Amsterdam Ave & W 119 St,6 min 39 s,2017-10-27 06:04:51,2017-10-27 05:58:12,"40.8086249,-73.9596214","40.795,-73.9645",1809,396,1809,406,1809,396,399.0
Broadway & W 122 St,W 100 St & Manhattan Ave,9 min 45 s,2017-10-26 12:35:37,2017-10-26 12:25:52,"40.795,-73.9645","40.8120562,-73.9612547",2843,633,2919,687,2843,633,585.0
Central Park West & W 100 St,5 Ave & E 29 St,30 min 53 s,2017-10-25 21:28:03,2017-10-25 20:57:10,"40.7451677,-73.98683077","40.793393,-73.9635556",7332,1507,6536,1491,7332,1507,1853.0
E 33 St & 5 Ave,Amsterdam Ave & W 119 St,30 min 21 s,2017-10-25 19:13:51,2017-10-25 18:43:30,"40.8086249,-73.9596214","40.74765947,-73.98490707",11731,1890,8271,1897,11731,1890,1821.0
St Nicholas Ave & Manhattan Ave,Riverside Blvd & W 67 St,26 min 56 s,2017-10-21 18:34:14,2017-10-21 18:07:18,"40.7775070275,-73.9888858795","40.809725,-73.953149",6240,678,6413,1207,6240,678,1616.0
Riverside Blvd & W 67 St,State St & Smith St,55 min 9 s,2017-10-21 16:52:30,2017-10-21 15:57:21,"40.68926942,-73.98912867","40.7775070275,-73.9888858795",15137,1995,12070,2385,15137,1995,3309.0
Dean St & Hoyt St,7 St & 3 Ave,10 min 24 s,2017-10-20 22:00:15,2017-10-20 21:49:51,"40.6726029815,-73.9898300171","40.6864442,-73.98759104",2648,638,2636,572,2648,638,624.0
7 St & 3 Ave,Broadway & W 122 St,56 min 7 s,2017-10-20 19:02:26,2017-10-20 18:06:19,"40.8120562,-73.9612547","40.6726029815,-73.9898300171",20045,2402,18676,3635,20045,2402,3367.0
E 33 St & 5 Ave,Central Park West & W 100 St,23 min 12 s,2017-10-18 19:26:40,2017-10-18 19:03:28,"40.793393,-73.9635556","40.74765947,-73.98490707",8788,1497,6764,1595,8788,1497,1392.0
Central Park West & W 100 St,East End Ave & E 86 St,17 min 7 s,2017-10-13 23:52:54,2017-10-13 23:35:47,"40.77518615,-73.94446054","40.793393,-73.9635556",3428,759,4125,1040,3428,759,1027.0
East End Ave & E 86 St,Amsterdam Ave & W 119 St,17 min 41 s,2017-10-13 20:58:38,2017-10-13 20:40:57,"40.8086249,-73.9596214","40.77518615,-73.94446054",5588,1209,7042,1474,5588,1209,1061.0
W 52 St & 9 Ave,Broadway & W 122 St,26 min 21 s,2017-10-11 18:24:46,2017-10-11 17:58:25,"40.8120562,-73.9612547","40.76461837,-73.98789473",8230,988,6123,1389,8230,988,1581.0
Central Park West & W 100 St,6 Ave & W 33 St,27 min 58 s,2017-10-09 14:07:39,2017-10-09 13:39:41,"40.74901271,-73.98848395","40.793393,-73.9635556",5850,1431,5918,1311,5850,1431,1678.0
Broadway & W 41 St,W 100 St & Manhattan Ave,18 min 19 s,2017-10-09 11:24:53,2017-10-09 11:06:34,"40.795,-73.9645","40.75513557,-73.98658032",5808,1393,5462,1211,5808,1393,1099.0
W 100 St & Broadway,W 116 St & Broadway,4 min 46 s,2017-10-07 19:20:04,2017-10-07 19:15:18,"40.8082,-73.9641","40.7973721,-73.97041192",1404,373,1404,264,1404,373,286.0
Central Park West & W 100 St,E 58 St & 1 Ave,21 min 6 s,2017-10-06 22:25:49,2017-10-06 22:04:43,"40.7589238638,-73.9622622728","40.793393,-73.9635556",5812,954,6180,1528,5812,954,1266.0
E 58 St & 1 Ave,8 Ave & W 31 St,15 min 52 s,2017-10-06 19:59:35,2017-10-06 19:43:43,"40.750585347,-73.9946848154","40.7589238638,-73.9622622728",4076,1115,4074,1007,4076,1115,952.0
Amsterdam Ave & W 119 St,5 Ave & E 63 St,16 min 48 s,2017-10-05 14:39:26,2017-10-05 14:22:38,"40.766368,-73.971518","40.8086249,-73.9596214",6323,1158,6453,1417,6323,1158,1008.0
E 59 St & Madison Ave,W 37 St & 5 Ave,5 min 55 s,2017-10-05 13:04:45,2017-10-05 12:58:50,"40.75038009,-73.98338988","40.76350532,-73.97109243",2559,758,2556,555,2559,758,355.0
W 37 St & 5 Ave,Amsterdam Ave & W 119 St,31 min 56 s,2017-10-05 12:56:44,2017-10-05 12:24:48,"40.8086249,-73.9596214","40.75038009,-73.98338988",7983,1742,7955,1742,7983,1742,1916.0
Madison Ave & E 99 St,Madison Ave & E 99 St,3 min 19 s,2017-10-01 16:42:19,2017-10-01 16:39:00,"40.7894854155,-73.9524292946","40.7894854155,-73.9524292946",0,0,0,0,0,0,199.0
Madison Ave & E 99 St,Central Park West & W 100 St,10 min 18 s,2017-10-01 09:09:34,2017-10-01 08:59:16,"40.793393,-73.9635556","40.7894854155,-73.9524292946",1585,296,1585,388,1585,296,618.0
Central Park West & W 100 St,E 17 St & Broadway,28 min 43 s,2017-10-01 03:29:00,2017-10-01 03:00:17,"40.73704984,-73.99009296","40.793393,-73.9635556",9526,1677,7665,1689,9526,1677,1723.0
E 9 St & Avenue C,Lafayette St & E 8 St,8 min 2 s,2017-09-28 18:55:07,2017-09-28 18:47:05,"40.7302066053,-73.9910262823","40.72521311,-73.97768752",1876,600,1876,402,1876,600,482.0
W 52 St & 6 Ave,Cathedral Pkwy & Broadway,21 min 47 s,2017-09-28 16:57:57,2017-09-28 16:36:10,"40.804213,-73.96699104","40.7613298312,-73.979820013",7249,1231,6039,1345,7249,1231,1307.0
Central Park West & W 100 St,E 32 St & Park Ave,22 min 12 s,2017-09-27 23:05:53,2017-09-27 22:43:41,"40.7457121,-73.98194829","40.793393,-73.9635556",7075,1438,6784,1607,7075,1438,1332.0
E 33 St & 5 Ave,W 100 St & Broadway,26 min 11 s,2017-09-27 19:58:00,2017-09-27 19:31:49,"40.7973721,-73.97041192","40.74765947,-73.98490707",9015,1641,7027,1685,9015,1641,1571.0
W 100 St & Manhattan Ave,Broadway & W 122 St,12 min 11 s,2017-09-26 22:23:16,2017-09-26 22:11:05,"40.8120562,-73.9612547","40.795,-73.9645",2307,482,2307,578,2307,482,731.0
Central Park West & W 100 St,Amsterdam Ave & W 119 St,10 min 10 s,2017-09-25 17:26:14,2017-09-25 17:16:04,"40.8086249,-73.9596214","40.793393,-73.9635556",2082,469,2234,490,2082,469,610.0
Amsterdam Ave & W 119 St,Central Park West & W 100 St,10 min 56 s,2017-09-25 09:16:26,2017-09-25 09:05:30,"40.793393,-73.9635556","40.8086249,-73.9596214",2188,453,2118,513,2188,453,656.0
W 100 St & Manhattan Ave,W 13 St & Hudson St,37 min 59 s,2017-09-24 22:53:33,2017-09-24 22:15:34,"40.739973541,-74.005138725","40.795,-73.9645",8489,1397,8011,1764,8489,1397,2279.0
W 13 St & Hudson St,E 33 St & 5 Ave,15 min 43 s,2017-09-24 19:24:29,2017-09-24 19:08:46,"40.74765947,-73.98490707","40.739973541,-74.005138725",2725,784,2899,712,2725,784,943.0
E 33 St & 5 Ave,E 58 St & 3 Ave,19 min 18 s,2017-09-24 18:44:10,2017-09-24 18:24:52,"40.76095756,-73.96724467","40.74765947,-73.98490707",3066,836,3065,779,3066,836,1158.0
E 58 St & 3 Ave,Central Park West & W 100 St,16 min 24 s,2017-09-24 09:33:19,2017-09-24 09:16:55,"40.793393,-73.9635556","40.76095756,-73.96724467",4829,1010,5177,1239,4829,1010,984.0
W 33 St & 7 Ave,Central Park West & W 100 St,19 min 57 s,2017-09-22 07:46:50,2017-09-22 07:26:53,"40.793393,-73.9635556","40.75019995,-73.99093085",7116,1764,6199,1367,7116,1764,1197.0
Central Park West & W 100 St,E 33 St & 5 Ave,23 min 46 s,2017-09-20 21:22:15,2017-09-20 20:58:29,"40.74765947,-73.98490707","40.793393,-73.9635556",7047,1455,6226,1414,7047,1455,1426.0
E 33 St & 5 Ave,Broadway & W 122 St,32 min 5 s,2017-09-20 19:36:28,2017-09-20 19:04:23,"40.8120562,-73.9612547","40.74765947,-73.98490707",11430,1857,9437,2114,11430,1857,1925.0
Central Park West & W 100 St,1 Ave & E 62 St,18 min 1 s,2017-09-19 16:55:55,2017-09-19 16:37:54,"40.7612274,-73.96094022","40.793393,-73.9635556",5546,875,5053,1273,5546,875,1081.0
1 Ave & E 62 St,Amsterdam Ave & W 119 St,24 min 22 s,2017-09-19 15:39:43,2017-09-19 15:15:21,"40.8086249,-73.9596214","40.7612274,-73.96094022",9942,1508,8251,1969,9942,1508,1462.0
Amsterdam Ave & W 119 St,Central Park West & W 100 St,11 min 36 s,2017-09-19 08:28:27,2017-09-19 08:16:51,"40.793393,-73.9635556","40.8086249,-73.9596214",2188,453,2118,513,2188,453,696.0
Central Park West & W 100 St,Amsterdam Ave & W 119 St,8 min 52 s,2017-09-18 18:08:30,2017-09-18 17:59:38,"40.8086249,-73.9596214","40.793393,-73.9635556",2082,469,2234,490,2082,469,532.0
Hoyt St & Warren St,Grand Army Plaza & Plaza St West,8 min 46 s,2017-09-17 09:46:05,2017-09-17 09:37:19,"40.6729679,-73.97087984","40.6843549,-73.98901629",2799,729,2338,456,2799,729,526.0
Central Park West & W 100 St,6 Ave & W 33 St,29 min 50 s,2017-09-12 22:21:09,2017-09-12 21:51:19,"40.74901271,-73.98848395","40.793393,-73.9635556",5850,1431,5918,1311,5850,1431,1790.0
E 33 St & 5 Ave,Central Park West & W 100 St,22 min 4 s,2017-09-12 19:50:19,2017-09-12 19:28:15,"40.793393,-73.9635556","40.74765947,-73.98490707",8788,1497,6764,1595,8788,1497,1324.0
Broadway & W 60 St,Central Park West & W 100 St,13 min 10 s,2017-09-01 09:41:19,2017-09-01 09:28:09,"40.793393,-73.9635556","40.76915505,-73.98191841",3844,851,4282,967,3844,851,790.0
Central Park West & W 100 St,E 109 St & 3 Ave,12 min 43 s,2017-08-31 22:20:39,2017-08-31 22:07:56,"40.79329668,-73.9432083","40.793393,-73.9635556",2601,519,2571,760,2601,519,763.0
E 109 St & 3 Ave,W 100 St & Manhattan Ave,12 min 5 s,2017-08-31 18:11:24,2017-08-31 17:59:19,"40.795,-73.9645","40.79329668,-73.9432083",3071,616,2987,639,3071,616,725.0
W 100 St & Manhattan Ave,Cathedral Pkwy & Broadway,8 min 17 s,2017-08-30 22:29:03,2017-08-30 22:20:46,"40.804213,-73.96699104","40.795,-73.9645",1470,363,1470,350,1470,363,497.0
Central Park North & Adam Clayton Powell Blvd,W 44 St & 5 Ave,19 min 28 s,2017-08-28 13:50:28,2017-08-28 13:31:00,"40.75500254,-73.98014437","40.799484,-73.955613",6317,1318,6664,1416,6317,1318,1168.0
W 43 St & 6 Ave,Central Park W & W 96 St,17 min 42 s,2017-08-28 08:55:44,2017-08-28 08:38:02,"40.79127,-73.964839","40.75527307,-73.98316936",5522,1237,5383,1286,5522,1237,1062.0
Central Park West & W 100 St,2 Ave & E 96 St,9 min 59 s,2017-08-26 20:21:43,2017-08-26 20:11:44,"40.7839636,-73.9471673","40.793393,-73.9635556",2050,508,3445,881,2050,508,599.0
W 100 St & Manhattan Ave,W 106 St & Amsterdam Ave,3 min 30 s,2017-08-21 17:11:25,2017-08-21 17:07:55,"40.8008363,-73.9664492472","40.795,-73.9645",933,202,933,231,933,202,210.0
Bond St & Bergen St,Schermerhorn St & Bond St,1 min 49 s,2017-08-19 19:01:35,2017-08-19 18:59:46,"40.6884174275,-73.984516561","40.6849668,-73.98620772",895,281,895,195,895,281,109.0
W 37 St & 5 Ave,W 43 St & 6 Ave,4 min 9 s,2017-08-18 12:49:27,2017-08-18 12:45:18,"40.75527307,-73.98316936","40.75038009,-73.98338988",1013,342,1326,363,1013,342,249.0
W 43 St & 6 Ave,Central Park West & W 100 St,22 min 37 s,2017-08-18 10:02:32,2017-08-18 09:39:55,"40.793393,-73.9635556","40.75527307,-73.98316936",5691,1276,5679,1377,5691,1276,1357.0
Central Park West & W 100 St,Central Park West & W 100 St,0 min 24 s,2017-08-18 09:39:41,2017-08-18 09:39:17,"40.793393,-73.9635556","40.793393,-73.9635556",0,0,0,0,0,0,24.0
E 33 St & 5 Ave,Cathedral Pkwy & Broadway,28 min 51 s,2017-08-17 19:10:39,2017-08-17 18:41:48,"40.804213,-73.96699104","40.74765947,-73.98490707",9676,1793,7932,1841,9676,1793,1731.0
W 100 St & Manhattan Ave,Cathedral Pkwy & Broadway,6 min 59 s,2017-08-14 21:53:25,2017-08-14 21:46:26,"40.804213,-73.96699104","40.795,-73.9645",1470,363,1470,350,1470,363,419.0
Central Park West & W 100 St,3 Ave & E 100 St,8 min 52 s,2017-08-12 17:28:59,2017-08-12 17:20:07,"40.7877214,-73.94728331","40.793393,-73.9635556",2008,487,2052,603,2008,487,532.0
Central Park West & W 100 St,E 51 St & Lexington Ave,21 min 4 s,2017-08-11 23:23:36,2017-08-11 23:02:32,"40.75714758,-73.97207836","40.793393,-73.9635556",5179,1025,5214,1257,5179,1025,1264.0
W 43 St & 6 Ave,Bond St & Bergen St,35 min 27 s,2017-08-11 09:28:00,2017-08-11 08:52:33,"40.6849668,-73.98620772","40.75527307,-73.98316936",12164,1535,9986,2320,12164,1535,2127.0
E 33 St & 5 Ave,Cathedral Pkwy & Broadway,25 min 51 s,2017-08-10 18:58:48,2017-08-10 18:32:57,"40.804213,-73.96699104","40.74765947,-73.98490707",9676,1793,7932,1841,9676,1793,1551.0
Lafayette St & E 8 St,Cathedral Pkwy & Broadway,27 min 25 s,2017-08-08 17:38:44,2017-08-08 17:11:19,"40.804213,-73.96699104","40.7302066053,-73.9910262823",11203,2022,11743,2323,11203,2022,1645.0
Central Park West & W 100 St,W 25 St & 6 Ave,26 min 54 s,2017-08-06 21:00:27,2017-08-06 20:33:33,"40.74395411,-73.99144871","40.793393,-73.9635556",8696,1488,6570,1451,8696,1488,1614.0
Washington St & Gansevoort St,West End Ave & W 94 St,32 min 22 s,2017-08-06 12:34:21,2017-08-06 12:01:59,"40.7941654,-73.974124","40.739323,-74.008119",8253,1119,8981,1694,8253,1119,1942.0
W 100 St & Manhattan Ave,W 43 St & 6 Ave,56 min 1 s,2017-08-05 20:17:10,2017-08-05 19:21:09,"40.75527307,-73.98316936","40.795,-73.9645",7199,1248,5515,1228,7199,1248,3361.0
E 41 St & 5 Ave,Central Park West & W 100 St,24 min 40 s,2017-08-05 13:37:04,2017-08-05 13:12:24,"40.793393,-73.9635556","40.7527220138,-73.9812362194",5613,1248,6135,1383,5613,1248,1480.0
Duane St & Greenwich St,Riverside Dr & W 104 St,29 min 25 s,2017-08-04 18:33:14,2017-08-04 18:03:49,"40.8013434,-73.9711457439","40.71748752,-74.0104554",11744,1679,10651,1961,11744,1679,1765.0
Central Park West & W 100 St,E 32 St & Park Ave,20 min 56 s,2017-08-03 22:04:06,2017-08-03 21:43:10,"40.7457121,-73.98194829","40.793393,-73.9635556",8489,1330,6784,1607,8489,1330,1256.0
E 33 St & 5 Ave,Cathedral Pkwy & Broadway,28 min 34 s,2017-08-03 18:46:32,2017-08-03 18:17:58,"40.804213,-73.96699104","40.74765947,-73.98490707",9676,1793,7932,1841,9676,1793,1714.0
Central Park West & W 100 St,Broadway & W 60 St,17 min 3 s,2017-08-02 19:48:14,2017-08-02 19:31:11,"40.76915505,-73.98191841","40.793393,-73.9635556",3212,731,3212,750,3212,731,1023.0
W 100 St & Manhattan Ave,W 92 St & Broadway,4 min 45 s,2017-08-01 20:30:10,2017-08-01 20:25:25,"40.7921,-73.9739","40.795,-73.9645",1491,374,1491,354,1491,374,285.0
W 92 St & Broadway,W 100 St & Manhattan Ave,4 min 44 s,2017-08-01 19:06:21,2017-08-01 19:01:37,"40.795,-73.9645","40.7921,-73.9739",1511,417,1403,373,1511,417,284.0
Central Park West & W 100 St,Columbus Ave & W 72 St,7 min 29 s,2017-07-30 20:57:19,2017-07-30 20:49:50,"40.7770575,-73.97898475","40.793393,-73.9635556",2743,608,2743,639,2743,608,449.0
Central Park West & W 100 St,Central Park West & W 100 St,20 min 38 s,2017-07-29 18:26:39,2017-07-29 18:06:01,"40.793393,-73.9635556","40.793393,-73.9635556",0,0,0,0,0,0,1238.0
W 100 St & Manhattan Ave,W 107 St & Columbus Ave,3 min 4 s,2017-07-25 19:35:50,2017-07-25 19:32:46,"40.7997568,-73.9621128676","40.795,-73.9645",699,153,699,201,699,153,184.0
Centre St & Worth St,Court St & State St,24 min 11 s,2017-07-23 13:46:11,2017-07-23 13:22:00,"40.6902375,-73.99203074","40.71494807,-74.00234482",3746,580,3883,814,3746,580,1451.0
MacDougal St & Washington Sq,5 Ave & E 29 St,17 min 10 s,2017-07-22 19:28:26,2017-07-22 19:11:16,"40.7451677,-73.98683077","40.73226398,-73.99852205",2214,597,1927,405,2214,597,1030.0
6 Ave & Spring St,W 100 St & Manhattan Ave,55 min 16 s,2017-07-21 18:42:44,2017-07-21 17:47:28,"40.795,-73.9645","40.7252556953,-74.0041208267",11976,1780,9653,2056,11976,1780,3316.0
Cathedral Pkwy & Broadway,W 100 St & Manhattan Ave,45 min 3 s,2017-07-21 12:26:00,2017-07-21 11:40:57,"40.795,-73.9645","40.804213,-73.96699104",1545,388,1542,391,1545,388,2703.0
Central Park West & W 100 St,Lexington Ave & E 63 St,22 min 25 s,2017-07-20 21:47:01,2017-07-20 21:24:36,"40.76440023,-73.96648977","40.793393,-73.9635556",4507,829,4750,1106,4507,829,1345.0
E 33 St & 5 Ave,E 55 St & 3 Ave,16 min 40 s,2017-07-20 18:06:39,2017-07-20 17:49:59,"40.7589965596,-73.9686539769","40.74765947,-73.98490707",2431,690,2472,592,2431,690,1000.0
E 58 St & 3 Ave,Cathedral Pkwy & Broadway,24 min 28 s,2017-07-20 17:46:12,2017-07-20 17:21:44,"40.804213,-73.96699104","40.76095756,-73.96724467",6541,1441,6515,1532,6541,1441,1468.0
W 100 St & Manhattan Ave,W 106 St & Amsterdam Ave,3 min 29 s,2017-07-19 18:04:33,2017-07-19 18:01:04,"40.8008363,-73.9664492472","40.795,-73.9645",933,202,933,231,933,202,209.0
Cathedral Pkwy & Broadway,E 85 St & 3 Ave,15 min 2 s,2017-07-19 09:55:18,2017-07-19 09:40:16,"40.77801203,-73.95407149","40.804213,-73.96699104",4353,934,4937,1228,4353,934,902.0
E 85 St & 3 Ave,Central Park West & W 100 St,26 min 24 s,2017-07-19 08:42:53,2017-07-19 08:16:29,"40.793393,-73.9635556","40.77801203,-73.95407149",3045,662,2681,709,3045,662,1584.0
W 100 St & Manhattan Ave,W 106 St & Amsterdam Ave,3 min 14 s,2017-07-18 17:48:09,2017-07-18 17:44:55,"40.8008363,-73.9664492472","40.795,-73.9645",933,202,933,231,933,202,194.0
W 100 St & Manhattan Ave,Cathedral Pkwy & Broadway,8 min 23 s,2017-07-16 22:48:22,2017-07-16 22:39:59,"40.804213,-73.96699104","40.795,-73.9645",1470,363,1470,350,1470,363,503.0
Cathedral Pkwy & Broadway,W 100 St & Manhattan Ave,8 min 13 s,2017-07-16 18:20:59,2017-07-16 18:12:46,"40.795,-73.9645","40.804213,-73.96699104",1545,388,1542,391,1545,388,493.0
E 51 St & Lexington Ave,E 53 St & Madison Ave,5 min 46 s,2017-07-15 18:03:38,2017-07-15 17:57:52,"40.7597108,-73.97402311","40.75714758,-73.97207836",659,244,439,230,659,244,346.0
Broadway & W 58 St,W 18 St & 6 Ave,15 min 2 s,2017-07-15 16:41:36,2017-07-15 16:26:34,"40.73971301,-73.99456405","40.76695317,-73.98169333",4807,1404,3866,876,4807,1404,902.0
W 43 St & 6 Ave,Central Park West & W 100 St,20 min 55 s,2017-07-15 09:31:10,2017-07-15 09:10:15,"40.793393,-73.9635556","40.75527307,-73.98316936",5691,1276,5679,1377,5691,1276,1255.0
W 100 St & Manhattan Ave,Cathedral Pkwy & Broadway,5 min 57 s,2017-07-13 21:47:34,2017-07-13 21:41:37,"40.804213,-73.96699104","40.795,-73.9645",1470,363,1470,350,1470,363,357.0
W 100 St & Manhattan Ave,Cathedral Pkwy & Broadway,5 min 39 s,2017-07-12 19:21:30,2017-07-12 19:15:51,"40.804213,-73.96699104","40.795,-73.9645",1470,363,1470,350,1470,363,339.0
W 13 St & Hudson St,Central Park West & W 100 St,22 min 30 s,2017-07-10 09:07:07,2017-07-10 08:44:37,"40.793393,-73.9635556","40.739973541,-74.005138725",9628,1528,7236,1563,9628,1528,1350.0
Central Park West & W 100 St,East End Ave & E 86 St,23 min 7 s,2017-07-09 18:32:56,2017-07-09 18:09:49,"40.77518615,-73.94446054","40.793393,-73.9635556",3428,759,4125,1040,3428,759,1387.0
E 102 St & 1 Ave,2 Ave & E 104 St,2 min 56 s,2017-07-09 12:22:45,2017-07-09 12:19:49,"40.7892105,-73.94370784","40.7869946,-73.94164802",391,108,391,107,391,108,176.0
2 Ave & E 104 St,Central Park West & W 100 St,13 min 24 s,2017-07-09 12:17:31,2017-07-09 12:04:07,"40.793393,-73.9635556","40.7892105,-73.94370784",2642,567,3107,638,2642,567,804.0
W 100 St & Manhattan Ave,Lafayette St & Jersey St,48 min 59 s,2017-07-08 21:53:15,2017-07-08 21:04:16,"40.7243052725,-73.9960098267","40.795,-73.9645",10982,1745,9689,2156,10982,1745,2939.0
Lafayette St & Jersey St,Lexington Ave & E 29 St,16 min 56 s,2017-07-08 19:49:21,2017-07-08 19:32:25,"40.7431155538,-73.9821535349","40.7243052725,-73.9960098267",3024,906,3374,790,3024,906,1016.0
Broadway & W 36 St,W 63 St & Broadway,16 min 52 s,2017-07-08 16:19:27,2017-07-08 16:02:35,"40.77163851,-73.98261428","40.75097711,-73.98765428",2945,860,2907,618,2945,860,1012.0
W 100 St & Manhattan Ave,W 100 St & Broadway,2 min 47 s,2017-07-08 09:23:29,2017-07-08 09:20:42,"40.7973721,-73.97041192","40.795,-73.9645",565,168,565,173,565,168,167.0
Riverside Dr & W 72 St,W 100 St & Manhattan Ave,11 min 4 s,2017-07-08 06:59:01,2017-07-08 06:47:57,"40.795,-73.9645","40.7805779901,-73.9856243134",3415,758,3267,702,3415,758,664.0
Cathedral Pkwy & Broadway,W 104 St & Amsterdam Ave,2 min 57 s,2017-07-07 08:01:23,2017-07-07 07:58:26,"40.7989937,-73.9662173778","40.804213,-73.96699104",1563,397,1139,271,1563,397,177.0
W 100 St & Manhattan Ave,West St & Chambers St,42 min 53 s,2017-07-06 21:15:16,2017-07-06 20:32:23,"40.71754834,-74.01322069","40.795,-73.9645",10881,1543,11682,2321,10881,1543,2573.0
West St & Chambers St,Cathedral Pkwy & Broadway,27 min 8 s,2017-07-06 18:17:00,2017-07-06 17:49:52,"40.804213,-73.96699104","40.71754834,-74.01322069",11614,1551,11671,2137,11614,1551,1628.0
W 100 St & Manhattan Ave,Cathedral Pkwy & Broadway,8 min 51 s,2017-07-04 22:15:30,2017-07-04 22:06:39,"40.804213,-73.96699104","40.795,-73.9645",1470,363,1470,350,1470,363,531.0
Central Park West & W 100 St,W 63 St & Broadway,16 min 48 s,2017-07-03 22:00:07,2017-07-03 21:43:19,"40.77163851,-73.98261428","40.793393,-73.9635556",3517,843,3517,880,3517,843,1008.0
W 63 St & Broadway,Central Park West & W 100 St,13 min 16 s,2017-07-03 18:06:08,2017-07-03 17:52:52,"40.793393,-73.9635556","40.77163851,-73.98261428",3142,771,3242,795,3225,696,796.0
Central Park West & W 100 St,Broadway & W 60 St,15 min 17 s,2017-07-02 17:05:01,2017-07-02 16:49:44,"40.76915505,-73.98191841","40.793393,-73.9635556",3212,731,3212,750,3212,731,917.0
Bond St & Bergen St,Schermerhorn St & Bond St,2 min 19 s,2017-07-01 18:27:02,2017-07-01 18:24:43,"40.6884174275,-73.984516561","40.6849668,-73.98620772",895,281,895,195,895,281,139.0
Central Park West & W 100 St,2 Ave & E 96 St,10 min 20 s,2017-07-01 17:30:07,2017-07-01 17:19:47,"40.7839636,-73.9471673","40.793393,-73.9635556",2050,508,3445,881,2050,508,620.0
2 Ave & E 96 St,Central Park West & W 85 St,8 min 6 s,2017-07-01 15:09:00,2017-07-01 15:00:54,"40.78472675,-73.96961715","40.7839636,-73.9471673",2663,589,2663,580,2663,589,486.0
Central Park W & W 96 St,E 84 St & Park Ave,18 min 45 s,2017-06-28 18:24:26,2017-06-28 18:05:41,"40.77862688,-73.95772073","40.79127,-73.964839",2491,558,2110,613,2491,558,1125.0
5 Ave & E 88 St,W 106 St & Central Park West,11 min 45 s,2017-06-28 14:54:38,2017-06-28 14:42:53,"40.7981856,-73.9605909006","40.78307,-73.95939",2402,409,2857,628,2402,409,705.0
W 59 St & 10 Ave,Central Park West & W 102 St,27 min 29 s,2017-06-28 09:34:17,2017-06-28 09:06:48,"40.795346,-73.96186","40.770513,-73.988038",4059,870,4063,908,4059,870,1649.0
21 St & Queens Plaza North,Jackson Ave & 46 Rd,10 min 53 s,2017-06-27 20:47:55,2017-06-27 20:37:02,"40.74524768,-73.94733276","40.75325964,-73.94335788",1171,294,1171,277,1171,294,653.0
Jackson Ave & 46 Rd,E 55 St & 3 Ave,25 min 19 s,2017-06-27 18:32:34,2017-06-27 18:07:15,"40.7589965596,-73.9686539769","40.74524768,-73.94733276",4520,755,4173,991,4520,755,1519.0
Central Park S & 6 Ave,W 100 St & Manhattan Ave,39 min 0 s,2017-06-27 11:43:52,2017-06-27 11:04:52,"40.795,-73.9645","40.76590936,-73.97634151",4744,1023,4271,992,4744,1023,2340.0
Broadway & W 51 St,Central Park West & W 100 St,13 min 48 s,2017-06-26 17:47:18,2017-06-26 17:33:30,"40.793393,-73.9635556","40.76228826,-73.98336183",4261,989,4591,1025,4261,989,828.0
Kent Ave & N 7 St,Bond St & Bergen St,28 min 53 s,2017-06-25 16:43:03,2017-06-25 16:14:10,"40.6849668,-73.98620772","40.720367753,-73.9616507292",8727,1311,6364,1518,8727,1311,1733.0
Hoyt St & Warren St,Warren St & Court St,3 min 30 s,2017-06-25 13:41:32,2017-06-25 13:38:02,"40.686371,-73.99383324","40.6843549,-73.98901629",798,253,745,169,798,253,210.0
Bergen St & Smith St,Grand Army Plaza & Plaza St West,22 min 29 s,2017-06-25 12:05:39,2017-06-25 11:43:10,"40.6729679,-73.97087984","40.6867443,-73.99063168",2843,752,2724,554,2843,752,1349.0
Bond St & Bergen St,Schermerhorn St & Bond St,1 min 40 s,2017-06-24 19:47:06,2017-06-24 19:45:26,"40.6884174275,-73.984516561","40.6849668,-73.98620772",895,281,895,195,895,281,100.0
W 100 St & Manhattan Ave,W 100 St & Broadway,1 min 45 s,2017-06-24 18:37:46,2017-06-24 18:36:01,"40.7973721,-73.97041192","40.795,-73.9645",565,168,565,173,565,168,105.0
W 43 St & 6 Ave,W 100 St & Manhattan Ave,19 min 48 s,2017-06-23 09:40:58,2017-06-23 09:21:10,"40.795,-73.9645","40.75527307,-73.98316936",5964,1350,5804,1406,5964,1350,1188.0
W 38 St & 8 Ave,Mercer St & Spring St,13 min 22 s,2017-06-22 14:48:33,2017-06-22 14:35:11,"40.72362738,-73.99949601","40.75466591,-73.99138152",4667,1210,4731,1031,4667,1210,802.0
Grand St & Greene St,Bayard St & Baxter St,5 min 0 s,2017-06-22 14:13:56,2017-06-22 14:08:56,"40.71602118,-73.99974372","40.72165481,-74.00234737",1160,420,1160,303,1160,420,300.0
Centre St & Worth St,Franklin St & W Broadway,3 min 7 s,2017-06-22 13:59:17,2017-06-22 13:56:10,"40.71911552,-74.00666661","40.71494807,-74.00234482",947,364,768,268,947,364,187.0
Cathedral Pkwy & Broadway,W 106 St & Amsterdam Ave,2 min 4 s,2017-06-22 07:22:59,2017-06-22 07:20:55,"40.8008363,-73.9664492472","40.804213,-73.96699104",491,153,491,134,491,153,124.0
W 100 St & Manhattan Ave,W 106 St & Amsterdam Ave,3 min 14 s,2017-06-21 18:41:15,2017-06-21 18:38:01,"40.8008363,-73.9664492472","40.795,-73.9645",933,202,933,231,933,202,194.0
W 100 St & Manhattan Ave,W 106 St & Amsterdam Ave,2 min 32 s,2017-06-20 20:03:47,2017-06-20 20:01:15,"40.8008363,-73.9664492472","40.795,-73.9645",933,202,933,231,933,202,152.0
Central Park West & W 100 St,W 82 St & Central Park West,4 min 46 s,2017-06-18 20:06:00,2017-06-18 20:01:14,"40.78275,-73.97137","40.793393,-73.9635556",1364,293,1364,328,1364,293,286.0
Central Park West & W 100 St,W 100 St & Manhattan Ave,18 min 47 s,2017-06-18 11:25:49,2017-06-18 11:07:02,"40.795,-73.9645","40.793393,-73.9635556",273,73,273,78,273,73,1127.0
Hoyt St & Warren St,Kent Ave & N 7 St,22 min 22 s,2017-06-17 20:43:49,2017-06-17 20:21:27,"40.720367753,-73.9616507292","40.6843549,-73.98901629",7547,1353,6625,1438,7547,1353,1342.0
Kent Ave & N 7 St,Bond St & Bergen St,30 min 20 s,2017-06-17 17:35:14,2017-06-17 17:04:54,"40.6849668,-73.98620772","40.720367753,-73.9616507292",8727,1311,6364,1518,8727,1311,1820.0
Hoyt St & Warren St,W 41 St & 8 Ave,42 min 24 s,2017-06-16 18:17:48,2017-06-16 17:35:24,"40.75640548,-73.9900262","40.6843549,-73.98901629",12736,1826,10633,2262,12736,1826,2544.0
W 43 St & 6 Ave,W 106 St & Central Park West,16 min 17 s,2017-06-16 09:28:40,2017-06-16 09:12:23,"40.7981856,-73.9605909006","40.75527307,-73.98316936",6335,1410,6191,1464,6335,1410,977.0
W 100 St & Manhattan Ave,W 34 St & 11 Ave,25 min 12 s,2017-06-15 21:52:40,2017-06-15 21:27:28,"40.75594159,-74.0021163","40.795,-73.9645",6534,940,7405,1531,6534,940,1512.0
9 Ave & W 18 St,W 100 St & Manhattan Ave,25 min 50 s,2017-06-15 17:55:07,2017-06-15 17:29:17,"40.795,-73.9645","40.74317449,-74.00366443",9118,1365,6961,1450,9118,1365,1550.0
Cathedral Pkwy & Broadway,W 84 St & Columbus Ave,8 min 40 s,2017-06-14 16:11:27,2017-06-14 16:02:47,"40.78499979,-73.97283406","40.804213,-73.96699104",3202,682,2874,682,3202,682,520.0
W 84 St & Broadway,Cathedral Pkwy & Broadway,6 min 58 s,2017-06-14 15:06:35,2017-06-14 14:59:37,"40.804213,-73.96699104","40.7867947,-73.977112",2207,572,2293,528,2207,572,418.0
Central Park West & W 100 St,Central Park West & W 72 St,10 min 26 s,2017-06-11 21:05:10,2017-06-11 20:54:44,"40.7757937668,-73.9762057364","40.793393,-73.9635556",2228,464,2228,493,2228,464,626.0
Fulton St & Adams St,Bond St & Bergen St,6 min 51 s,2017-06-11 11:02:36,2017-06-11 10:55:45,"40.6849668,-73.98620772","40.6924182926,-73.989494741",1200,329,1208,419,1200,329,411.0
Hoyt St & Warren St,Berry St & N 8 St,25 min 21 s,2017-06-10 23:25:40,2017-06-10 23:00:19,"40.7190095,-73.95852515","40.6843549,-73.98901629",7203,1256,7011,1522,7203,1256,1521.0
Berry St & N 8 St,Bond St & Bergen St,18 min 53 s,2017-06-10 18:16:16,2017-06-10 17:57:23,"40.6849668,-73.98620772","40.7190095,-73.95852515",7135,1272,6707,1594,7135,1272,1133.0
Hoyt St & Warren St,Bond St & Fulton St,4 min 39 s,2017-06-10 09:06:14,2017-06-10 09:01:35,"40.6896218879,-73.9830426872","40.6843549,-73.98901629",957,309,979,233,957,309,279.0
Amsterdam Ave & W 73 St,W 87 St & Amsterdam Ave,4 min 41 s,2017-06-10 08:31:17,2017-06-10 08:26:36,"40.78839,-73.9747","40.7796680901,-73.9809304476",1563,457,1921,466,1563,457,281.0
W 87 St & Amsterdam Ave,W 100 St & Manhattan Ave,5 min 22 s,2017-06-10 07:56:42,2017-06-10 07:51:20,"40.795,-73.9645","40.78839,-73.9747",1771,412,1664,379,1771,412,322.0
Carmine St & 6 Ave,Cleveland Pl & Spring St,5 min 49 s,2017-06-09 18:23:38,2017-06-09 18:17:49,"40.7221037867,-73.9972490072","40.73038599,-74.00214988",1476,462,1409,320,1476,462,349.0
Cleveland Pl & Spring St,Cathedral Pkwy & Broadway,38 min 18 s,2017-06-09 17:50:38,2017-06-09 17:12:20,"40.804213,-73.96699104","40.7221037867,-73.9972490072",14506,2167,12081,2309,14506,2167,2298.0
W 100 St & Manhattan Ave,W 106 St & Amsterdam Ave,4 min 5 s,2017-06-07 17:42:15,2017-06-07 17:38:10,"40.8008363,-73.9664492472","40.795,-73.9645",933,202,933,231,933,202,245.0
2 Ave & E 96 St,Central Park West & W 100 St,8 min 39 s,2017-06-04 10:35:53,2017-06-04 10:27:14,"40.793393,-73.9635556","40.7839636,-73.9471673",2000,462,2000,496,2000,462,519.0
Central Park West & W 100 St,E 30 St & Park Ave S,32 min 35 s,2017-06-03 22:05:35,2017-06-03 21:33:00,"40.74444921,-73.98303529","40.793393,-73.9635556",7243,1484,6926,1628,7243,1484,1955.0
Franklin St & W Broadway,W 100 St & Manhattan Ave,31 min 41 s,2017-06-03 13:21:56,2017-06-03 12:50:15,"40.795,-73.9645","40.71911552,-74.00666661",11838,1709,12104,2388,11838,1709,1901.0
Central Park West & W 100 St,Central Park West & W 100 St,1 h 5 min 23 s,2017-06-01 19:52:04,2017-06-01 18:46:41,"40.793393,-73.9635556","40.793393,-73.9635556",0,0,0,0,0,0,3923.0
Central Park West & W 100 St,Mercer St & Bleecker St,32 min 4 s,2017-05-31 20:27:42,2017-05-31 19:55:38,"40.7270636335,-73.9966213703","40.793393,-73.9635556",10866,1708,9214,1989,10866,1708,1924.0
Hoyt St & Warren St,Willoughby St & Fleet St,5 min 9 s,2017-05-27 10:04:08,2017-05-27 09:58:59,"40.69196566,-73.9813018","40.6843549,-73.98901629",1292,466,1316,314,1292,466,309.0
2 Ave & E 96 St,Central Park W & W 96 St,6 min 5 s,2017-05-27 09:23:51,2017-05-27 09:17:46,"40.79127,-73.964839","40.7839636,-73.9471673",1831,422,1831,425,1831,422,365.0
Cathedral Pkwy & Broadway,W 100 St & Manhattan Ave,5 min 30 s,2017-05-24 05:04:37,2017-05-24 04:59:07,"40.795,-73.9645","40.804213,-73.96699104",1545,388,1542,391,1545,388,330.0
Central Park West & W 100 St,E 47 St & Park Ave,22 min 24 s,2017-05-22 22:26:03,2017-05-22 22:03:39,"40.75510267,-73.97498696","40.793393,-73.9635556",5395,1067,5426,1281,5395,1067,1344.0
E 53 St & Madison Ave,Cathedral Pkwy & Broadway,23 min 57 s,2017-05-22 17:53:19,2017-05-22 17:29:22,"40.804213,-73.96699104","40.7597108,-73.97402311",8123,1416,6750,1565,8123,1416,1437.0
Schermerhorn St & Bond St,Hoyt St & Warren St,4 min 58 s,2017-05-21 22:14:41,2017-05-21 22:09:43,"40.6843549,-73.98901629","40.6884174275,-73.984516561",944,316,818,216,944,316,298.0
Atlantic Ave & Furman St,Lawrence St & Willoughby St,6 min 41 s,2017-05-21 16:04:27,2017-05-21 15:57:46,"40.69236178,-73.98631746","40.69165183,-73.9999786",3752,621,1548,455,3752,621,401.0
Central Park West & W 100 St,Pershing Square North,19 min 47 s,2017-05-20 17:22:26,2017-05-20 17:02:39,"40.751873,-73.977706","40.793393,-73.9635556",5858,1138,5836,1348,5858,1138,1187.0
Pershing Square North,Bond St & Bergen St,33 min 59 s,2017-05-20 10:05:45,2017-05-20 09:31:46,"40.6849668,-73.98620772","40.751873,-73.977706",11956,1406,9288,2167,11956,1406,2039.0
Bond St & Bergen St,Fulton St & Waverly Ave,9 min 17 s,2017-05-19 21:03:33,2017-05-19 20:54:16,"40.6832386546,-73.9659959078","40.6849668,-73.98620772",2524,638,2333,551,2524,638,557.0
Dean St & 4 Ave,Degraw St & Smith St,5 min 6 s,2017-05-16 21:20:54,2017-05-16 21:15:48,"40.6829151,-73.99318208","40.68312489,-73.97895137",1612,423,1615,361,1612,423,306.0
Degraw St & Smith St,Cleveland Pl & Spring St,25 min 11 s,2017-05-16 18:48:12,2017-05-16 18:23:01,"40.7221037867,-73.9972490072","40.6829151,-73.99318208",5474,1123,6084,1279,5474,1123,1511.0
6 Ave & Canal St,St James Pl & Oliver St,6 min 35 s,2017-05-15 23:20:48,2017-05-15 23:14:13,"40.71307916,-73.99851193","40.72243797,-74.00566443",1965,610,1400,383,1965,610,395.0
Division St & Bowery,Rivington St & Chrystie St,4 min 6 s,2017-05-15 18:43:05,2017-05-15 18:38:59,"40.72110063,-73.9919254","40.71413089,-73.9970468",1112,418,1150,318,1112,418,246.0
Stanton St & Chrystie St,W 106 St & Amsterdam Ave,32 min 4 s,2017-05-15 18:34:45,2017-05-15 18:02:41,"40.8008363,-73.9664492472","40.72229346,-73.99147535",13194,1772,10474,2393,13194,1772,1924.0
W 95 St & Broadway,W 100 St & Manhattan Ave,5 min 49 s,2017-05-13 11:55:56,2017-05-13 11:50:07,"40.795,-73.9645","40.7937704,-73.971888",1595,462,1485,375,1595,462,349.0
W 100 St & Manhattan Ave,W 106 St & Amsterdam Ave,3 min 10 s,2017-05-12 19:37:54,2017-05-12 19:34:44,"40.8008363,-73.9664492472","40.795,-73.9645",933,202,933,231,933,202,190.0
Forsyth St & Canal St,Bond St & Bergen St,17 min 8 s,2017-05-08 07:33:18,2017-05-08 07:16:10,"40.6849668,-73.98620772","40.7158155,-73.99422366",4411,814,4201,910,4411,814,1028.0
Bond St & Bergen St,Schermerhorn St & Bond St,1 min 21 s,2017-05-07 18:23:25,2017-05-07 18:22:04,"40.6884174275,-73.984516561","40.6849668,-73.98620772",895,281,895,195,895,281,81.0
W 63 St & Broadway,Central Park West & W 100 St,16 min 23 s,2017-05-07 13:18:26,2017-05-07 13:02:03,"40.793393,-73.9635556","40.77163851,-73.98261428",3142,771,3242,795,3142,771,983.0
S 5 Pl & S 4 St,Madison St & Montgomery St,18 min 16 s,2017-05-06 11:30:37,2017-05-06 11:12:21,"40.713126,-73.984844","40.710451,-73.960876",3621,606,3003,620,3621,606,1096.0
Madison St & Montgomery St,Lafayette St & Jersey St,11 min 17 s,2017-05-06 10:49:43,2017-05-06 10:38:26,"40.7243052725,-73.9960098267","40.713126,-73.984844",2238,714,2481,689,2238,714,677.0
Cleveland Pl & Spring St,W 16 St & The High Line,11 min 31 s,2017-05-06 10:30:35,2017-05-06 10:19:04,"40.74334935,-74.00681753","40.7221037867,-73.9972490072",3340,1045,3000,725,3340,1045,691.0
W 16 St & The High Line,W 100 St & Manhattan Ave,30 min 3 s,2017-05-06 09:14:39,2017-05-06 08:44:36,"40.795,-73.9645","40.74334935,-74.00681753",8957,1285,7552,1600,8957,1285,1803.0
Cathedral Pkwy & Broadway,Columbus Ave & W 95 St,9 min 32 s,2017-04-30 11:31:24,2017-04-30 11:21:52,"40.7919557,-73.968087","40.804213,-73.96699104",2086,445,2086,444,2086,445,572.0
8 Ave & W 33 St,Central Park West & W 100 St,21 min 59 s,2017-04-29 09:45:34,2017-04-29 09:23:35,"40.793393,-73.9635556","40.751551,-73.993934",6330,1490,6372,1366,6330,1490,1319.0
Lewis Ave & Decatur St,Clinton Ave & Flushing Ave,26 min 54 s,2017-04-23 19:56:06,2017-04-23 19:29:12,"40.69794,-73.96986848","40.6814598,-73.934903",5102,1075,5113,1231,5102,1075,1614.0
Clinton Ave & Flushing Ave,Rivington St & Chrystie St,29 min 37 s,2017-04-23 19:21:59,2017-04-23 18:52:22,"40.72110063,-73.9919254","40.69794,-73.96986848",6184,873,5026,1237,6184,873,1777.0
Rivington St & Chrystie St,Pershing Square South,22 min 40 s,2017-04-23 18:50:14,2017-04-23 18:27:34,"40.751581,-73.97791","40.72110063,-73.9919254",5213,1247,4212,955,5213,1247,1360.0
Pershing Square North,Central Park West & W 100 St,19 min 58 s,2017-04-23 17:58:30,2017-04-23 17:38:32,"40.793393,-73.9635556","40.751873,-73.977706",8363,1374,6497,1477,8363,1374,1198.0
Central Park West & W 100 St,W 52 St & 5 Ave,23 min 30 s,2017-04-22 17:33:30,2017-04-22 17:10:00,"40.75992262,-73.97648516","40.793393,-73.9635556",4979,952,4864,1126,4979,952,1410.0
W 52 St & 5 Ave,W 100 St & Manhattan Ave,17 min 47 s,2017-04-22 15:37:08,2017-04-22 15:19:21,"40.795,-73.9645","40.75992262,-73.97648516",5137,1318,5099,1179,5137,1318,1067.0
W 100 St & Manhattan Ave,Amsterdam Ave & W 73 St,10 min 5 s,2017-04-22 15:12:04,2017-04-22 15:01:59,"40.7796680901,-73.9809304476","40.795,-73.9645",2539,494,2539,528,2539,494,605.0
W 74 St & Columbus Ave,W 100 St & Manhattan Ave,12 min 7 s,2017-04-22 09:07:36,2017-04-22 08:55:29,"40.795,-73.9645","40.7785669,-73.97754961",2582,527,2475,554,2582,527,727.0
W 100 St & Manhattan Ave,W 106 St & Amsterdam Ave,3 min 5 s,2017-04-21 18:01:24,2017-04-21 17:58:19,"40.8008363,-73.9664492472","40.795,-73.9645",933,202,933,231,933,202,185.0
Central Park West & W 100 St,E 58 St & 3 Ave,17 min 58 s,2017-04-20 14:05:00,2017-04-20 13:47:02,"40.76095756,-73.96724467","40.793393,-73.9635556",4793,881,4877,1217,4793,881,1078.0
Fulton St & Adams St,Hoyt St & Warren St,5 min 33 s,2017-04-20 09:02:10,2017-04-20 08:56:37,"40.6843549,-73.98901629","40.6924182926,-73.989494741",1442,472,1571,484,1442,472,333.0
Greenwich Ave & 8 Ave,Cathedral Pkwy & Broadway,27 min 31 s,2017-04-19 17:00:47,2017-04-19 16:33:16,"40.804213,-73.96699104","40.7390169121,-74.0026376103",9697,1586,9937,1877,9697,1586,1651.0
Central Park West & W 100 St,Grand St & Elizabeth St,54 min 30 s,2017-04-09 21:17:41,2017-04-09 20:23:11,"40.718822,-73.99596","40.793393,-73.9635556",11723,1948,10058,2248,11723,1948,3270.0
E 20 St & 2 Ave,Central Park West & W 100 St,36 min 26 s,2017-04-09 13:51:07,2017-04-09 13:14:41,"40.793393,-73.9635556","40.73587678,-73.98205027",9170,1278,8652,1930,9170,1278,2186.0
Broadway & E 22 St,Central Park West & W 100 St,22 min 47 s,2017-04-08 12:44:31,2017-04-08 12:21:44,"40.793393,-73.9635556","40.7403432,-73.98955109",7160,1668,7716,1671,7160,1668,1367.0
W 100 St & Manhattan Ave,W 106 St & Amsterdam Ave,4 min 11 s,2017-04-07 17:50:07,2017-04-07 17:45:56,"40.8008363,-73.9664492472","40.795,-73.9645",933,202,933,231,933,202,251.0
W 100 St & Manhattan Ave,W 106 St & Amsterdam Ave,3 min 1 s,2017-04-06 18:52:28,2017-04-06 18:49:27,"40.8008363,-73.9664492472","40.795,-73.9645",933,202,933,231,933,202,181.0
Cathedral Pkwy & Broadway,E 55 St & 3 Ave,25 min 23 s,2017-04-06 14:00:11,2017-04-06 13:34:48,"40.7589965596,-73.9686539769","40.804213,-73.96699104",6740,1358,6819,1664,6740,1358,1523.0
W 52 St & 5 Ave,E 72 St & York Ave,14 min 17 s,2017-04-06 10:04:07,2017-04-06 09:49:50,"40.76663814,-73.95348296","40.75992262,-73.97648516",4388,980,3191,878,4388,980,857.0
E 72 St & York Ave,Central Park W & W 96 St,16 min 48 s,2017-04-06 09:07:16,2017-04-06 08:50:28,"40.79127,-73.964839","40.76663814,-73.95348296",4247,888,3985,922,4247,888,1008.0
W 100 St & Manhattan Ave,W 107 St & Columbus Ave,2 min 45 s,2017-04-05 20:25:41,2017-04-05 20:22:56,"40.7997568,-73.9621128676","40.795,-73.9645",699,153,699,201,699,153,165.0
Central Park West & W 100 St,Central Park North & Adam Clayton Powell Blvd,28 min 58 s,2017-04-04 17:40:17,2017-04-04 17:11:19,"40.799484,-73.955613","40.793393,-73.9635556",1233,303,1118,305,1233,303,1738.0
W 106 St & Amsterdam Ave,W 52 St & 6 Ave,21 min 45 s,2017-04-04 12:33:40,2017-04-04 12:11:55,"40.7613298312,-73.979820013","40.8008363,-73.9664492472",6596,1133,5630,1339,6596,1133,1305.0
Broadway & W 51 St,Central Park West & W 100 St,18 min 44 s,2017-04-04 09:29:02,2017-04-04 09:10:18,"40.793393,-73.9635556","40.76228826,-73.98336183",4261,989,4591,1025,4261,989,1124.0
W 100 St & Manhattan Ave,W 95 St & Broadway,3 min 28 s,2017-04-02 18:03:46,2017-04-02 18:00:18,"40.7937704,-73.971888","40.795,-73.9645",891,250,891,242,891,250,208.0
Lafayette Ave & St James Pl,Douglass St & 3 Ave,17 min 33 s,2017-04-02 12:27:21,2017-04-02 12:09:48,"40.6802133,-73.98432695","40.68851534,-73.9647628",2866,827,2270,607,2866,827,1053.0
E 11 St & 1 Ave,Hoyt St & Warren St,25 min 32 s,2017-04-01 19:52:58,2017-04-01 19:27:26,"40.6843549,-73.98901629","40.72953837,-73.98426726",8434,1368,6263,1443,8434,1368,1532.0
Court St & State St,Willoughby Ave & Hall St,16 min 24 s,2017-04-01 15:29:49,2017-04-01 15:13:25,"40.69196035,-73.96536851","40.6902375,-73.99203074",4054,967,2898,742,4054,967,984.0
Lafayette Ave & St James Pl,Bond St & Bergen St,13 min 4 s,2017-04-01 11:05:37,2017-04-01 10:52:33,"40.6849668,-73.98620772","40.68851534,-73.9647628",2850,792,2263,643,2850,792,784.0
Bond St & Bergen St,Clark St & Henry St,6 min 57 s,2017-03-31 18:38:59,2017-03-31 18:32:02,"40.69760127,-73.99344559","40.6849668,-73.98620772",2627,749,2217,487,2627,749,417.0
W 106 St & Amsterdam Ave,W 100 St & Manhattan Ave,3 min 42 s,2017-03-31 09:31:35,2017-03-31 09:27:53,"40.795,-73.9645","40.8008363,-73.9664492472",999,262,999,271,999,262,222.0
Central Park West & W 100 St,Central Park North & Adam Clayton Powell Blvd,26 min 31 s,2017-03-30 18:31:57,2017-03-30 18:05:26,"40.799484,-73.955613","40.793393,-73.9635556",1233,303,1118,305,1233,303,1591.0
Central Park West & W 100 St,W 43 St & 6 Ave,23 min 26 s,2017-03-29 20:24:40,2017-03-29 20:01:14,"40.75527307,-73.98316936","40.793393,-73.9635556",5061,1220,5130,1143,5061,1220,1406.0
W 43 St & 6 Ave,W 16 St & The High Line,14 min 37 s,2017-03-29 19:50:24,2017-03-29 19:35:47,"40.74334935,-74.00681753","40.75527307,-73.98316936",3930,1238,3244,835,3930,1238,877.0
W 34 St & 11 Ave,W 38 St & 8 Ave,6 min 44 s,2017-03-29 17:32:00,2017-03-29 17:25:16,"40.75466591,-73.99138152","40.75594159,-74.0021163",1681,524,1337,397,1681,524,404.0
W 36 St & 9 Ave,Cathedral Pkwy & Broadway,35 min 16 s,2017-03-29 17:09:42,2017-03-29 16:34:26,"40.804213,-73.96699104","40.7546232403,-73.995167613",7722,1182,6562,1393,7722,1182,2116.0
Central Park West & W 100 St,Central Park North & Adam Clayton Powell Blvd,25 min 57 s,2017-03-28 17:24:48,2017-03-28 16:58:51,"40.799484,-73.955613","40.793393,-73.9635556",1233,303,1118,305,1233,303,1557.0
Schermerhorn St & Bond St,Bond St & Bergen St,1 min 53 s,2017-03-26 23:33:21,2017-03-26 23:31:28,"40.6849668,-73.98620772","40.6884174275,-73.984516561",456,164,456,151,456,164,113.0
Bond St & Bergen St,Greenwich Ave & Charles St,25 min 58 s,2017-03-26 17:37:47,2017-03-26 17:11:49,"40.735238,-74.000271","40.6849668,-73.98620772",7153,1515,7376,1740,7153,1515,1558.0
Greenwich Ave & 8 Ave,Broadway & E 22 St,9 min 42 s,2017-03-26 13:40:14,2017-03-26 13:30:32,"40.7403432,-73.98955109","40.7390169121,-74.0026376103",1601,470,1605,400,1601,470,582.0
Central Park West & W 100 St,Central Park S & 6 Ave,11 min 23 s,2017-03-24 11:44:14,2017-03-24 11:32:51,"40.76590936,-73.97634151","40.793393,-73.9635556",3702,828,3702,855,3702,828,683.0
Central Park S & 6 Ave,E 47 St & 1 Ave,12 min 33 s,2017-03-24 11:18:40,2017-03-24 11:06:07,"40.75206862,-73.96784384","40.76590936,-73.97634151",2350,761,2352,660,2350,761,753.0
E 47 St & 1 Ave,E 60 St & York Ave,5 min 16 s,2017-03-24 10:47:43,2017-03-24 10:42:27,"40.759107,-73.959223","40.75206862,-73.96784384",1873,478,2017,469,1873,478,316.0
E 60 St & York Ave,Central Park West & W 100 St,21 min 41 s,2017-03-24 09:16:00,2017-03-24 08:54:19,"40.793393,-73.9635556","40.759107,-73.959223",5526,960,6114,1464,5526,960,1301.0
Broadway & W 60 St,Central Park West & W 100 St,13 min 10 s,2017-03-23 21:05:10,2017-03-23 20:52:00,"40.793393,-73.9635556","40.76915505,-73.98191841",3844,851,4282,967,3844,851,790.0
Central Park West & W 100 St,Central Park North & Adam Clayton Powell Blvd,29 min 28 s,2017-03-23 19:18:07,2017-03-23 18:48:39,"40.799484,-73.955613","40.793393,-73.9635556",1233,303,1118,305,1233,303,1768.0
Broadway & W 60 St,E 58 St & 3 Ave,9 min 16 s,2017-03-22 13:53:06,2017-03-22 13:43:50,"40.76095756,-73.96724467","40.76915505,-73.98191841",1832,606,1832,570,1832,606,556.0
E 55 St & 3 Ave,Central Park West & W 100 St,20 min 52 s,2017-03-22 09:25:10,2017-03-22 09:04:18,"40.793393,-73.9635556","40.7589965596,-73.9686539769",5267,1136,5615,1373,5267,1136,1252.0
Central Park West & W 100 St,Central Park North & Adam Clayton Powell Blvd,26 min 27 s,2017-03-21 17:26:28,2017-03-21 17:00:01,"40.799484,-73.955613","40.793393,-73.9635556",1233,303,1118,305,1233,303,1587.0
W 100 St & Manhattan Ave,W 106 St & Amsterdam Ave,2 min 53 s,2017-03-20 21:45:45,2017-03-20 21:42:52,"40.8008363,-73.9664492472","40.795,-73.9645",933,202,933,231,933,202,173.0
Central Park West & W 100 St,W 54 St & 9 Ave,20 min 8 s,2017-03-19 23:09:05,2017-03-19 22:48:57,"40.76584941,-73.98690506","40.793393,-73.9635556",3915,919,3915,901,3915,919,1208.0
Mercer St & Bleecker St,5 Ave & E 78 St,26 min 1 s,2017-03-19 15:01:59,2017-03-19 14:35:58,"40.7763214218,-73.9642739296","40.7270636335,-73.9966213703",10592,1567,8048,1726,10592,1567,1561.0
E 78 St & 2 Ave,Central Park West & W 100 St,29 min 35 s,2017-03-19 13:28:26,2017-03-19 12:58:51,"40.793393,-73.9635556","40.7727966,-73.95577801",3253,791,3253,761,3253,791,1775.0
Douglass St & 3 Ave,Grand Army Plaza & Plaza St West,7 min 0 s,2017-03-18 15:23:01,2017-03-18 15:16:01,"40.6729679,-73.97087984","40.6802133,-73.98432695",1620,450,1501,295,1620,450,420.0
Central Park West & W 100 St,Central Park West & W 100 St,22 min 28 s,2017-03-13 18:16:10,2017-03-13 17:53:42,"40.793393,-73.9635556","40.793393,-73.9635556",0,0,0,0,0,0,1348.0
W 100 St & Manhattan Ave,W 106 St & Amsterdam Ave,3 min 22 s,2017-03-13 17:37:08,2017-03-13 17:33:46,"40.8008363,-73.9664492472","40.795,-73.9645",933,202,933,231,933,202,202.0
Central Park West & W 100 St,Broadway & W 60 St,12 min 58 s,2017-03-12 15:26:56,2017-03-12 15:13:58,"40.76915505,-73.98191841","40.793393,-73.9635556",3212,731,3212,750,3212,731,778.0
Schermerhorn St & Bond St,Bond St & Bergen St,2 min 12 s,2017-03-10 08:53:28,2017-03-10 08:51:16,"40.6849668,-73.98620772","40.6884174275,-73.984516561",456,164,456,151,456,164,132.0
Bond St & Bergen St,Schermerhorn St & Bond St,2 min 30 s,2017-03-09 18:14:48,2017-03-09 18:12:18,"40.6884174275,-73.984516561","40.6849668,-73.98620772",895,281,895,195,895,281,150.0
Central Park West & W 100 St,Central Park North & Adam Clayton Powell Blvd,27 min 19 s,2017-03-09 16:52:41,2017-03-09 16:25:22,"40.799484,-73.955613","40.793393,-73.9635556",1233,303,1118,305,1233,303,1639.0
Warren St & Court St,Grand Army Plaza & Plaza St West,13 min 2 s,2017-03-08 19:26:43,2017-03-08 19:13:41,"40.6729679,-73.97087984","40.686371,-73.99383324",3224,847,3106,630,3224,847,782.0
W 82 St & Central Park West,Central Park West & W 100 St,4 min 45 s,2017-03-07 18:00:42,2017-03-07 17:55:57,"40.793393,-73.9635556","40.78275,-73.97137",1884,397,1926,435,1884,397,285.0
Central Park West & W 100 St,Central Park North & Adam Clayton Powell Blvd,27 min 28 s,2017-03-07 17:23:17,2017-03-07 16:55:49,"40.799484,-73.955613","40.793393,-73.9635556",1233,303,1118,305,1233,303,1648.0
Central Park North & Adam Clayton Powell Blvd,Central Park North & Adam Clayton Powell Blvd,0 min 9 s,2017-03-07 16:55:32,2017-03-07 16:55:23,"40.799484,-73.955613","40.799484,-73.955613",0,0,0,0,0,0,9.0
Schermerhorn St & Bond St,Bond St & Bergen St,1 min 22 s,2017-03-05 19:29:10,2017-03-05 19:27:48,"40.6849668,-73.98620772","40.6884174275,-73.984516561",456,164,456,151,456,164,82.0
3 St & 3 Ave,Grand Army Plaza & Plaza St West,10 min 50 s,2017-03-04 15:59:14,2017-03-04 15:48:24,"40.6729679,-73.97087984","40.6750705,-73.98775226",1821,455,2017,415,1821,455,650.0
Plaza St West & Flatbush Ave,Douglass St & 3 Ave,8 min 4 s,2017-03-04 13:17:27,2017-03-04 13:09:23,"40.6802133,-73.98432695","40.6750207,-73.97111473",1284,407,1589,479,1284,407,484.0
Fulton St & Broadway,Central Park West & W 100 St,39 min 53 s,2017-03-03 09:06:13,2017-03-03 08:26:20,"40.793393,-73.9635556","40.711066,-74.009447",14314,1648,12824,2507,14314,1648,2393.0
Central Park West & W 100 St,W 100 St & Manhattan Ave,25 min 31 s,2017-02-28 17:29:57,2017-02-28 17:04:26,"40.795,-73.9645","40.793393,-73.9635556",273,73,273,78,273,73,1531.0
W 100 St & Manhattan Ave,W 100 St & Broadway,3 min 5 s,2017-02-27 00:29:06,2017-02-27 00:26:01,"40.7973721,-73.97041192","40.795,-73.9645",565,168,565,173,565,168,185.0
W 100 St & Broadway,W 100 St & Manhattan Ave,4 min 18 s,2017-02-26 20:47:59,2017-02-26 20:43:41,"40.795,-73.9645","40.7973721,-73.97041192",1549,446,1443,338,1549,446,258.0
Water - Whitehall Plaza,Fulton St & William St,6 min 9 s,2017-02-26 13:53:23,2017-02-26 13:47:14,"40.70955958,-74.00653609","40.70255065,-74.0127234",1452,494,1330,241,1452,494,369.0
W 26 St & 8 Ave,St Marks Pl & 2 Ave,23 min 47 s,2017-02-25 15:31:33,2017-02-25 15:07:46,"40.7284186,-73.98713956","40.74734825,-73.99723551",4605,1263,3544,924,4605,1263,1427.0
St Marks Pl & 2 Ave,Central Park West & W 100 St,42 min 43 s,2017-02-25 12:38:04,2017-02-25 11:55:21,"40.793393,-73.9635556","40.7284186,-73.98713956",10136,1468,9619,2144,10136,1468,2563.0
W 100 St & Manhattan Ave,Central Park West & W 100 St,25 min 1 s,2017-02-25 11:03:19,2017-02-25 10:38:18,"40.793393,-73.9635556","40.795,-73.9645",1282,273,385,85,1282,273,1501.0
Central Park West & W 100 St,9 Ave & W 45 St,16 min 56 s,2017-02-12 16:27:29,2017-02-12 16:10:33,"40.76019252,-73.9912551","40.793393,-73.9635556",6529,983,4797,1080,6529,983,1016.0
9 Ave & W 45 St,Central Park W & W 96 St,20 min 28 s,2017-02-12 13:54:11,2017-02-12 13:33:43,"40.79127,-73.964839","40.76019252,-73.9912551",4375,952,4377,881,4375,952,1228.0
Myrtle Ave & Lewis Ave,Douglass St & 3 Ave,20 min 27 s,2017-02-11 21:18:16,2017-02-11 20:57:49,"40.6802133,-73.98432695","40.69681963,-73.93756926",5078,1250,5098,1238,5078,1250,1227.0
Central Park West & W 100 St,W 41 St & 8 Ave,20 min 58 s,2017-02-10 16:19:01,2017-02-10 15:58:03,"40.75640548,-73.9900262","40.793393,-73.9635556",6905,1098,4737,1064,6905,1098,1258.0
Schermerhorn St & Bond St,Bond St & Bergen St,2 min 3 s,2017-02-06 08:03:16,2017-02-06 08:01:13,"40.6849668,-73.98620772","40.6884174275,-73.984516561",456,164,456,151,456,164,123.0
Bond St & Bergen St,Schermerhorn St & Bond St,1 min 27 s,2017-02-05 22:26:43,2017-02-05 22:25:16,"40.6884174275,-73.984516561","40.6849668,-73.98620772",895,281,895,195,895,281,87.0
Schermerhorn St & Bond St,Bond St & Bergen St,2 min 3 s,2017-02-05 22:08:51,2017-02-05 22:06:48,"40.6849668,-73.98620772","40.6884174275,-73.984516561",456,164,456,151,456,164,123.0
Hoyt St & Warren St,Rivington St & Chrystie St,22 min 54 s,2017-02-03 18:31:26,2017-02-03 18:08:32,"40.72110063,-73.9919254","40.6843549,-73.98901629",5150,1014,4879,1117,5150,1014,1374.0
Rivington St & Chrystie St,E 58 St & 3 Ave,27 min 34 s,2017-02-03 18:03:07,2017-02-03 17:35:33,"40.76095756,-73.96724467","40.72110063,-73.9919254",5124,1185,5155,1149,5124,1185,1654.0
E 58 St & 3 Ave,Central Park West & W 100 St,18 min 45 s,2017-02-03 17:19:32,2017-02-03 17:00:47,"40.793393,-73.9635556","40.76095756,-73.96724467",4829,1010,5177,1239,4829,1010,1125.0
Central Park S & 6 Ave,Central Park West & W 100 St,17 min 4 s,2017-01-29 10:09:11,2017-01-29 09:52:07,"40.793393,-73.9635556","40.76590936,-73.97634151",4471,950,4214,956,4471,950,1024.0
Central Park West & W 100 St,W 63 St & Broadway,13 min 5 s,2017-01-28 23:49:39,2017-01-28 23:36:34,"40.77163851,-73.98261428","40.793393,-73.9635556",3517,843,3517,880,3517,843,785.0
E 39 St & 3 Ave,Mercer St & Spring St,25 min 15 s,2017-01-28 17:40:39,2017-01-28 17:15:24,"40.72362738,-73.99949601","40.7489006,-73.97604882",3862,1036,4793,1132,3862,1036,1515.0
E 11 St & 2 Ave,W 44 St & 5 Ave,22 min 0 s,2017-01-28 13:22:36,2017-01-28 13:00:36,"40.75500254,-73.98014437","40.73047309,-73.98672378",3498,963,3529,785,3498,963,1320.0
W 52 St & 5 Ave,Central Park West & W 100 St,20 min 20 s,2017-01-28 10:51:30,2017-01-28 10:31:10,"40.793393,-73.9635556","40.75992262,-73.97648516",4864,1244,5041,1142,4864,1244,1220.0
Central Park West & W 100 St,Central Park S & 6 Ave,16 min 42 s,2017-01-27 23:00:33,2017-01-27 22:43:51,"40.76590936,-73.97634151","40.793393,-73.9635556",3702,828,3702,855,3702,828,1002.0
W 37 St & 5 Ave,Central Park West & W 100 St,22 min 2 s,2017-01-27 17:31:33,2017-01-27 17:09:31,"40.793393,-73.9635556","40.75038009,-73.98338988",5928,1334,6448,1439,5928,1334,1322.0
Central Park West & W 100 St,8 Ave & W 52 St,15 min 30 s,2017-01-26 22:42:04,2017-01-26 22:26:34,"40.76370739,-73.9851615","40.793393,-73.9635556",3807,849,3807,849,3807,849,930.0
9 Ave & W 45 St,8 Ave & W 33 St,6 min 29 s,2017-01-26 19:22:13,2017-01-26 19:15:44,"40.751551,-73.993934","40.76019252,-73.9912551",1259,477,1259,310,1259,477,389.0
E 11 St & 1 Ave,Central Park West & W 100 St,34 min 6 s,2017-01-26 17:05:57,2017-01-26 16:31:51,"40.793393,-73.9635556","40.72953837,-73.98426726",10195,1505,9752,2213,10195,1505,2046.0
Broadway & W 60 St,Central Park West & W 100 St,21 min 59 s,2017-01-26 11:27:13,2017-01-26 11:05:14,"40.793393,-73.9635556","40.76915505,-73.98191841",3844,851,4282,967,3844,851,1319.0
Central Park West & W 100 St,E 97 St & 3 Ave,8 min 28 s,2017-01-19 23:44:15,2017-01-19 23:35:47,"40.7859201,-73.94860294","40.793393,-73.9635556",1625,369,2311,668,1625,369,508.0
Central Park West & W 100 St,Greenwich Ave & 8 Ave,26 min 53 s,2017-01-16 20:49:24,2017-01-16 20:22:31,"40.7390169121,-74.0026376103","40.793393,-73.9635556",8750,1426,6987,1530,8750,1426,1613.0
W 22 St & 8 Ave,W 42 St & 8 Ave,10 min 39 s,2017-01-16 14:12:52,2017-01-16 14:02:13,"40.7575699,-73.99098507","40.74475148,-73.99915362",2027,519,2027,450,2027,519,639.0
W 42 St & Dyer Ave,W 42 St & Dyer Ave,4 min 28 s,2017-01-16 13:56:13,2017-01-16 13:51:45,"40.758984814,-73.9937996864","40.758984814,-73.9937996864",0,0,0,0,0,0,268.0
W 43 St & 10 Ave,E 41 St & 5 Ave,8 min 22 s,2017-01-16 12:08:08,2017-01-16 11:59:46,"40.7527220138,-73.9812362194","40.76009437,-73.99461843",1835,631,1835,477,1835,631,502.0
E 41 St & 5 Ave,Central Park West & W 102 St,25 min 52 s,2017-01-16 11:05:56,2017-01-16 10:40:04,"40.795346,-73.96186","40.7527220138,-73.9812362194",5872,1295,6356,1432,5872,1295,1552.0
Central Park West & W 100 St,W 84 St & Columbus Ave,6 min 29 s,2017-01-15 11:29:58,2017-01-15 11:23:29,"40.78499979,-73.97283406","40.793393,-73.9635556",1433,326,1433,344,1433,326,389.0
W 76 St & Columbus Ave,Central Park West & W 100 St,8 min 13 s,2017-01-15 10:39:44,2017-01-15 10:31:31,"40.793393,-73.9635556","40.7801839724,-73.9772853255",2788,618,2196,520,2788,618,493.0
Central Park North & Adam Clayton Powell Blvd,Central Park West & W 102 St,5 min 9 s,2017-01-14 12:07:27,2017-01-14 12:02:18,"40.795346,-73.96186","40.799484,-73.955613",900,188,900,147,900,188,309.0
Central Park West & W 100 St,1 Ave & E 68 St,22 min 21 s,2017-01-13 19:15:25,2017-01-13 18:53:04,"40.76500525,-73.95818491","40.793393,-73.9635556",4466,852,4573,1148,4466,852,1341.0
1 Ave & E 68 St,E 41 St & 5 Ave,11 min 22 s,2017-01-13 15:38:12,2017-01-13 15:26:50,"40.7527220138,-73.9812362194","40.76500525,-73.95818491",3341,847,3169,810,3341,847,682.0
Pershing Square North,Central Park West & W 102 St,24 min 57 s,2017-01-13 11:33:18,2017-01-13 11:08:21,"40.795346,-73.96186","40.751873,-73.977706",8622,1420,6718,1526,8622,1420,1497.0
